"Title","Year","Venue","Venue Short","Authors","ISSN","Qualis CAPES"
"AFMC: An alignment framework for multiple computing services and providers.","2023","Concurrency and Computation: Practice and Experience","Concurr. Comput. Pract. Exp.","Leonardo Rebouças de Carvalho;Alba Cristina Magalhaes Alves de Melo;Aletéia P. F. Araújo","1532-0634","A4"
"Mundo Bit Byte - A digital mobile game to disseminate female personalities that made history in Computing.","2022","Journal on Interactive Systems (JIS)","J. Interact. Syst.","Aletéia P. F. Araújo;Ana Júlia Luziano Briceño;Ana Sofia S. Silvestre;Bianca P. Castro;Carla Denise Castanho;Carla Koike;Fernanda S. Marcilio;Hanani E. F. Soares;Maristela Holanda;Mauricio Miranda Sarmet;Roberta B. Oliveira;Tais A. Oliveira;Thamires P. Silva","2236-3297","B4"
"Optimized Solutions for Deploying a Militarized 4G/LTE Network With Maximum Coverage and Minimum Interference.","2022","IEEE Transactions on Network and Service Management","IEEE Trans. Netw. Serv. Manag.","Emerson de O. Antunes;Marcos F. Caetano;Marcelo Antonio Marotta;Aletéia P. F. Araújo;Lucas Bondan;Rodolfo I. Meneguette;Geraldo P. Rocha Filho","1932-4537","A1"
"MAS-Cloud+: A novel multi-agent architecture with reasoning models for resource management in multiple providers.","2024","Future Generation Computer Systems","Future Gener. Comput. Syst.","Aldo H. D. Mendes;Michel J. F. Rosa;Marcelo Antonio Marotta;Aletéia P. F. Araújo;Alba C. M. A. Melo;Célia Ghedini Ralha","0167-739X","A1"
"Computational Resource Allocation in Fog Computing: A Comprehensive Survey.","2023","ACM Computing Surveys","ACM Comput. Surv.","João Bachiega Jr.;Breno G. S. Costa;Leonardo Rebouças de Carvalho;Michel J. F. Rosa;Aletéia P. F. Araújo","0360-0300","A1"
"Monitoring fog computing: A review, taxonomy and open challenges.","2022","Computer Networks","Comput. Networks","Breno G. S. Costa;João Bachiega Jr.;Leonardo Rebouças de Carvalho;Michel J. F. Rosa;Aletéia P. F. Araújo","1389-1286","A2"
"Monitoring Fog Computing: a Review, Taxonomy and Open Challenges.","2022","Computing Research Repository (CoRR)","CoRR","Breno G. S. Costa;João Bachiega Jr.;Leonardo Rebouças de Carvalho;Michel J. F. Rosa;Aletéia P. F. Araújo","N/A","N/A"
"Computational resource and cost prediction service for scientific workflows in federated clouds.","2021","Future Generation Computer Systems","Future Gener. Comput. Syst.","Michel J. F. Rosa;Célia Ghedini Ralha;Maristela Holanda;Aletéia P. F. Araújo","0167-739X","A1"
"The Brazilian School Girls' Perspectives on a Computer Science Major.","2020","CLEI electronic journal","CLEI Electron. J.","Maristela Holanda;Roberto Nunes Mourão;Guilherme Novaes Ramos;Aletéia P. F. Araújo;Maria Emília M. T. Walter;Vinicius Borges;George von Borries","0717-5000","C"
"Main FaaS Providers Behavior Under High Concurrency: An Evaluation with Orama Framework Distributed Architecture.","2024","SN Computer Science","SN Comput. Sci.","Leonardo Rebouças de Carvalho;Bruno Kamienski;Aletéia P. F. Araújo","2376-5992","A2"
"AFMC: An alignment framework for multiple computing services and providers.","2023","Concurrency and Computation: Practice and Experience","Concurr. Comput. Pract. Exp.","Leonardo Rebouças de Carvalho;Alba Cristina Magalhaes Alves de Melo;Aletéia P. F. Araújo","1532-0634","A4"
"Orchestration in Fog Computing: A Comprehensive Survey.","2023","ACM Computing Surveys","ACM Comput. Surv.","Breno G. S. Costa;João Bachiega Jr.;Leonardo Rebouças de Carvalho;Aletéia P. F. Araújo","0360-0300","A1"
"Insights into the Performance of Function-as-a-Service Oriented Environments Using the Orama Framework.","2023","SN Computer Science","SN Comput. Sci.","Leonardo Rebouças de Carvalho;Aletéia P. F. Araújo","2376-5992","A2"
"Computational Perspective of the Fog Node.","2022","Computing Research Repository (CoRR)","CoRR","João Bachiega Jr.;Breno G. S. Costa;Aletéia P. F. Araújo","N/A","N/A"
"A proposal to minimize the cost of processing big geospatial data in public cloud providers.","2021","Transactions in GIS","Trans. GIS","João Bachiega Jr.;Maristela Holanda;Aletéia P. F. Araújo","1361-1682","A2"
"Minimizing unavailability in Elastic Optical Networks: Pre-provisioning and provisioning protection strategy using DLP and DPP.","2025","Computer Networks","Comput. Networks","Paulo José S. Júnior;Lucas Rodrigues Costa;André C. Drummond;Marcelo Antonio Marotta","1389-1286","A2"
"Maximizing Throughput with Routing Interference Avoidance in RIS-Assisted Relay Mesh Networks.","2024","Computing Research Repository (CoRR)","CoRR","Cao Vien Phung;André C. Drummond;Admela Jukan","N/A","N/A"
"Enhancing Path Selections with Interference Graphs in Multihop Relay Wireless Networks.","2024","Computing Research Repository (CoRR)","CoRR","Cao Vien Phung;André C. Drummond;Admela Jukan","N/A","N/A"
"An Optimization Driven Link SINR Assurance in RIS-assisted Indoor Networks.","2024","Computing Research Repository (CoRR)","CoRR","Cao Vien Phung;Max Franke;Ehsan Tohidi;June Heinemann;André C. Drummond;Stefan Schmid 0001;Slawomir Stanczak;Admela Jukan","N/A","N/A"
"Semantic Communication for Edge Intelligence: Theoretical Foundations and Implications on Protocols.","2023","IEEE Internet of Things Magazine","IEEE Internet Things Mag.","Zoran Utkovski;Andrea Munari;Giuseppe Caire;Johannes Dommel;Pin-Hsun Lin;Max Franke;André C. Drummond;Slawomir Stanczak","N/A","N/A"
"Metropolitan optical networks: A survey on single-layer architectures.","2023","Optical Switching and Networking","Opt. Switch. Netw.","Léia Sousa de Sousa;André C. Drummond","1573-4277","A3"
"On the Efficiency and Quality of Protection of Preprovisioning in Elastic Optical Networks.","2022","Computing Research Repository (CoRR)","CoRR","Paulo José S. Júnior;Lucas Rodrigues Costa;André C. Drummond","N/A","N/A"
"Parallel Downlink Data Distribution in Indoor Multi-hop THz Networks.","2022","Computing Research Repository (CoRR)","CoRR","Cao Vien Phung;André C. Drummond;Admela Jukan","N/A","N/A"
"Energy Efficiency in Sliceable-Transponder Enabled Elastic Optical Networks.","2021","IEEE Transactions on Green Communications and Networking","IEEE Trans. Green Commun. Netw.","Lucas Rodrigues Costa;Ítalo Barbosa Brasileiro;André C. Drummond","2473-2400","B1"
"A survey on challenges of Spatial Division Multiplexing enabled elastic optical networks.","2020","Optical Switching and Networking","Opt. Switch. Netw.","Ítalo Brasileiro;Lucas Rodrigues Costa;André C. Drummond","1573-4277","A3"
"Embedding Jamming Attacks into Physical Layer Models in Optical Networks.","2020","Computing Research Repository (CoRR)","CoRR","Mounir Bensalem;Ítalo Brasileiro;André C. Drummond;Admela Jukan","N/A","N/A"
"Dynamic Multi-Modulation Allocation Scheme for Elastic Optical Networks.","2020","Computing Research Repository (CoRR)","CoRR","Lucas Rodrigues Costa;André C. Drummond","N/A","N/A"
"Jamming-Aware Control Plane in Elastic Optical Networks.","2020","Computing Research Repository (CoRR)","CoRR","Ítalo Brasileiro;Mounir Bensalem;André C. Drummond;Admela Jukan","N/A","N/A"
"Learning-Based Image Compression With Parameter-Adaptive Rate-Constrained Loss.","2024","IEEE Signal Processing Letters","IEEE Signal Process. Lett.","Nilson Donizete Guerin Júnior;Renam Castro da Silva;Bruno Macchiavello","1070-9908","A1"
"Rate-constrained learning-based image compression.","2022","Signal Processing: Image Communication","Signal Process. Image Commun.","Nilson Donizete Guerin Júnior;Renam Castro da Silva;Matheus C. de Oliveira;Henrique Costa Jung;Luiz Gustavo R. Martins;Eduardo Peixoto;Bruno Macchiavello;Edson M. Hung;Vanessa Testoni;Pedro Garcia Freitas","0923-5965","A2"
"Improved two-dimensional dynamic S-EMG Signal compression with robust automatic segmentation.","2021","Biomedical Signal Processing and Control","Biomed. Signal Process. Control.","Francisco Assis de Oliveira Nascimento;Marcel H. Trabuco;Bruno Macchiavello;Davi B. Gusmão;Marcus V. C. Costa","1746-8094","A1"
"MAS-Cloud+: A novel multi-agent architecture with reasoning models for resource management in multiple providers.","2024","Future Generation Computer Systems","Future Gener. Comput. Syst.","Aldo H. D. Mendes;Michel J. F. Rosa;Marcelo Antonio Marotta;Aletéia P. F. Araújo;Alba C. M. A. Melo;Célia Ghedini Ralha","0167-739X","A1"
"Method for evaluating plan recovery strategies in dynamic multi-agent environments.","2023","Journal of Experimental and Theoretical Artificial Intelligence (JETAI)","J. Exp. Theor. Artif. Intell.","Leonardo Henrique Moreira;Célia Ghedini Ralha","N/A","N/A"
"AC2CD: An actor-critic architecture for community detection in dynamic social networks.","2023","Knowledge-Based Systems","Knowl. Based Syst.","Aurélio Ribeiro Costa;Célia Ghedini Ralha","0950-7051","A1"
"MASE-EGTI: An agent-based simulator for environmental land change.","2022","Environmental Modelling and Software","Environ. Model. Softw.","Cássio Giorgio Couto Coelho;Célia Ghedini Ralha","1364-8152","A1"
"Scientific Collaboration Network Views: A Brazilian Computer Science Graduate Programs Case.","2022","Journal of Information and Data Management (JIDM)","J. Inf. Data Manag.","Aurelio Ribeiro Costa;Vanessa Tavares Nunes;Célia Ghedini Ralha","2166-6261","B3"
"An efficient lightweight coordination model to multi-agent planning.","2022","Knowledge and Information Systems (KAIS)","Knowl. Inf. Syst.","Leonardo Henrique Moreira;Célia Ghedini Ralha","0219-1377","A2"
"Development process of multiagent system for glycemic control of intensive care unit patients.","2021","Artificial Intelligence Research","Artif. Intell. Res.","Tiago Henrique Faccio Segato;Célia Ghedini Ralha;Sérgio Eduardo Soares Fernandes","1927-6974","C"
"Computational resource and cost prediction service for scientific workflows in federated clouds.","2021","Future Generation Computer Systems","Future Gener. Comput. Syst.","Michel J. F. Rosa;Célia Ghedini Ralha;Maristela Holanda;Aletéia P. F. Araújo","0167-739X","A1"
"An Agent-Based Model for Simulating Irrigated Agriculture in the Samambaia Basin in Goiás.","2021","Revista de Inform&#225;tica Te&#243;rica e Aplicada - RITA","RITA","Guido Dutra de Oliveira;Pedro Phelipe Gonçalves Porto;Conceição de Maria Albuquerque Alves;Célia Ghedini Ralha","2175-2745","C"
"Abnormal Behavior Detection Based on Traffic Pattern Categorization in Mobile Networks.","2021","IEEE Transactions on Network and Service Management","IEEE Trans. Netw. Serv. Manag.","Jonathan M. DeAlmeida;Camila F. T. Pontes;Luiz A. DaSilva;Cristiano Bonato Both;João J. C. Gondim;Célia Ghedini Ralha;Marcelo Antonio Marotta","1932-4537","A1"
"Artificial Intelligence-Driven Fog Radio Access Networks: Integrating Decision Making Considering Different.","2021","IEEE Vehicular Technology Magazine","IEEE Veh. Technol. Mag.","Jonathan M. DeAlmeida;Luiz A. DaSilva;Cristiano Bonato Both;Célia Ghedini Ralha;Marcelo Antonio Marotta","N/A","N/A"
"Towards Auditability Requirements Specification Using an Agent-Based Approach.","2020","Computing Research Repository (CoRR)","CoRR","Denis José S. de Albuquerque;Vanessa Tavares Nunes;Claudia Cappelli;Célia Ghedini Ralha","N/A","N/A"
"Bot Development for Social Engineering Attacks on Twitter.","2020","Computing Research Repository (CoRR)","CoRR","Jefferson Viana Fonseca Abreu;Jorge Henrique Cabral Fernandes;João José Costa Gondim;Célia Ghedini Ralha","N/A","N/A"
"The Next Generation of Deduction Systems: From Composition to Compositionality (Dagstuhl Seminar 23471).","2023","Dagstuhl Reports","Dagstuhl Reports","Maria Paola Bonacina;Pascal Fontaine;Cláudia Nalon;Claudia Schon;Martin Desharnais","2192-5283","B2"
"Local is Best: Efficient Reductions to Modal Logic K.","2022","Journal of Automated Reasoning","J. Autom. Reason.","Fabio Papacchini;Cláudia Nalon;Ullrich Hustadt;Clare Dixon","0168-7433","A2"
"Correction to: Local is Best: Efficient Reductions to Modal Logic K.","2022","Journal of Automated Reasoning","J. Autom. Reason.","Fabio Papacchini;Cláudia Nalon;Ullrich Hustadt;Clare Dixon","0168-7433","A2"
"Reasoning about Petri Nets: A Calculus Based on Resolution and Dynamic Logic.","2021","ACM Transactions on Computational Logic (TOCL)","ACM Trans. Comput. Log.","Bruno Lopes 0001;Cláudia Nalon;Edward Hermann Haeusler","N/A","N/A"
"sf Kn : Architecture, Refinements, Strategies and Experiments.","2020","Journal of Automated Reasoning","J. Autom. Reason.","Cláudia Nalon;Ullrich Hustadt;Clare Dixon","0168-7433","A2"
"SAT and Interactions (Dagstuhl Seminar 20061).","2020","Dagstuhl Reports","Dagstuhl Reports","Olaf Beyersdorff;Uwe Egly;Meena Mahajan;Cláudia Nalon","2192-5283","B2"
"A lightweight and enhanced model for detecting the Neotropical brown stink bug, Euschistus heros (Hemiptera: Pentatomidae) based on YOLOv8 for soybean fields.","2024","Ecological Informatics","Ecol. Informatics","Bruno Pinheiro de Melo Lima;Lurdineide de A. B. Borges;Edson Hirose;Díbio Leandro Borges","1574-9541","A1"
"A Multi-Layer Feature Fusion Method for Few-Shot Image Classification.","2023","Sensors","Sensors","Jacó C. Gomes;Lurdineide de A. B. Borges;Díbio Leandro Borges","2079-6374","A3"
"A deep unsupervised saliency model for lung segmentation in chest X-ray images.","2023","Biomedical Signal Processing and Control","Biomed. Signal Process. Control.","Pedro Aurélio Coelho de Almeida;Díbio Leandro Borges","1746-8094","A1"
"A Data-Centric Approach for Wind Plant Instance-Level Segmentation Using Semantic Segmentation and GIS.","2023","Remote Sensing","Remote. Sens.","Osmar Luiz Ferreira de Carvalho;Osmar Abílio de Carvalho Júnior;Anesmar Olino de Albuquerque;Alex Gois Orlandi;Issao Hirata;Díbio Leandro Borges;Roberto Arnaldo Trancoso Gomes;Renato Fontes Guimarães","2072-4292","A1"
"Multispectral panoptic segmentation: Exploring the beach setting with worldview-3 imagery.","2022","International Journal of Applied Earth Observation and Geoinformation","Int. J. Appl. Earth Obs. Geoinformation","Osmar Luiz Ferreira de Carvalho Jr.;Osmar Abílio de Carvalho Júnior;Anesmar Olino de Albuquerque;Níckolas Castro Santana;Díbio Leandro Borges;Argélica Saiaka Luiz;Roberto Arnaldo Trancoso Gomes;Renato Fontes Guimarães","0303-2434","A2"
"Detection and classification of whiteflies and development stages on soybean leaves images using an improved deep learning strategy.","2022","Computers and Electronics in Agriculture","Comput. Electron. Agric.","Rubens de Castro Pereira;Edson Hirose;Osmar Luiz Ferreira de Carvalho;Ronaldo Martins da Costa;Díbio Leandro Borges","0168-1699","A1"
"An automatic phytopathometry system for chlorosis and necrosis severity evaluation of asian soybean rust infection.","2022","Computers and Electronics in Agriculture","Comput. Electron. Agric.","Diego Alves da Silva;Cristiane Lemes Hamawaki;Breno Cezar Marinho Juliatti;Lucas dos Santos Nascimento;Osvaldo Toshiyuki Hamawaki;Díbio Leandro Borges;Fernando Cezar Juliatti;Ana Paula Oliveira Nogueira","0168-1699","A1"
"Rethinking Panoptic Segmentation in Remote Sensing: A Hybrid Approach Using Semantic Segmentation and Non-Learning Methods.","2022","IEEE Geoscience and Remote Sensing Letters","IEEE Geosci. Remote. Sens. Lett.","Osmar Luiz Ferreira de Carvalho Jr.;Osmar A. de Carvalho Júnior;Anesmar Olino de Albuquerque;Níckolas Castro Santana;Díbio Leandro Borges","1558-0571","A2"
"Panoptic Segmentation Meets Remote Sensing.","2022","Remote Sensing","Remote. Sens.","Osmar Luiz Ferreira de Carvalho Jr.;Osmar Abílio de Carvalho Júnior;Cristiano Rosa Silva;Anesmar Olino de Albuquerque;Níckolas Castro Santana;Díbio Leandro Borges;Roberto Arnaldo Trancoso Gomes;Renato Fontes Guimarães","2072-4292","A1"
"Bounding Box-Free Instance Segmentation Using Semi-Supervised Iterative Learning for Vehicle Detection.","2022","IEEE Journal of Selected Topics in Applied Earth Observations and Remote Sensing","IEEE J. Sel. Top. Appl. Earth Obs. Remote. Sens.","Osmar Luiz Ferreira de Carvalho Jr.;Osmar Abílio de Carvalho Júnior;Anesmar Olino de Albuquerque;Níckolas Castro Santana;Renato Fontes Guimarães;Roberto Arnaldo Trancoso Gomes;Díbio Leandro Borges","1939-1404","A2"
"An analytical and a Deep Learning model for solving the inverse kinematic problem of an industrial parallel robot.","2021","Computers &#38; Industrial Engineering","Comput. Ind. Eng.","Juan S. Toquica;Patrícia S. Oliveira;Witenberg Santiago Rodrigues Souza;José Maurício S. T. Motta;Díbio Leandro Borges","0360-8352","A1"
"Instance Segmentation for Governmental Inspection of Small Touristic Infrastructure in Beach Zones Using Multispectral High-Resolution WorldView-3 Imagery.","2021","ISPRS International Journal of Geo-Information","ISPRS Int. J. Geo Inf.","Osmar Luiz Ferreira de Carvalho Jr.;Rebeca dos Santos de Moura;Anesmar Olino de Albuquerque;Pablo Pozzobon de Bem;Rubens de Castro Pereira;Weigang Li 0001;Díbio Leandro Borges;Renato Fontes Guimarães;Roberto Arnaldo Trancoso Gomes;Osmar Abílio de Carvalho Júnior","2220-9964","A4"
"Instance Segmentation for Large, Multi-Channel Remote Sensing Imagery Using Mask-RCNN and a Mosaicking Approach.","2021","Remote Sensing","Remote. Sens.","Osmar Luiz Ferreira de Carvalho Jr.;Osmar Abílio de Carvalho Júnior;Anesmar Olino de Albuquerque;Pablo Pozzobon de Bem;Cristiano Rosa Silva;Pedro Henrique Guimarães Ferreira;Rebeca dos Santos de Moura;Roberto Arnaldo Trancoso Gomes;Renato Fontes Guimarães;Díbio Leandro Borges","2072-4292","A1"
"Bounding Box-Free Instance Segmentation Using Semi-Supervised Learning for Generating a City-Scale Vehicle Dataset.","2021","Computing Research Repository (CoRR)","CoRR","Osmar Luiz Ferreira de Carvalho Jr.;Osmar Abílio de Carvalho Júnior;Anesmar Olino de Albuquerque;Níckolas Castro Santana;Díbio Leandro Borges;Roberto Arnaldo Trancoso Gomes;Renato Fontes Guimarães","N/A","N/A"
"Panoptic Segmentation Meets Remote Sensing.","2021","Computing Research Repository (CoRR)","CoRR","Osmar Luiz Ferreira de Carvalho Jr.;Osmar Abílio de Carvalho Júnior;Cristiano Rosa Silva;Anesmar Olino de Albuquerque;Níckolas Castro Santana;Díbio Leandro Borges;Roberto Arnaldo Trancoso Gomes;Renato Fontes Guimarães","N/A","N/A"
"Cotton pests classification in field-based images using deep residual networks.","2020","Computers and Electronics in Agriculture","Comput. Electron. Agric.","Adão Nunes Alves;Witenberg Santiago Rodrigues Souza;Díbio Leandro Borges","0168-1699","A1"
"Understanding Data Breach from a Global Perspective: Incident Visualization and Data Protection Law Review.","2024","Data","Data","Gabriel Arquelau Pimenta Rodrigues;André Luiz Marques Serrano;Amanda Nunes Lopes Espiñeira Lemos;Edna Dias Canedo;Fábio Lúcio Lopes de Mendonça;Robson de Oliveira Albuquerque;Ana Lucila Sandoval Orozco;Luis Javier García-Villalba","2306-5729","C"
"How does parenthood affect an ICT practitioner's work? A survey study with fathers.","2024","Empirical Software Engineering","Empir. Softw. Eng.","Larissa Rocha 0001;Edna Dias Canedo;Claudia Pinto Pereira;Carla Ilane Moreira Bezerra;Fabiana Freitas Mendes","1382-3256","A1"
"Leveraging a startup-based approach for digital transformation in the public sector: A case study of Brazil's startup gov.br program.","2024","Government Information Quarterly","Gov. Inf. Q.","Elaine Venson;Rejane Maria da Costa Figueiredo;Edna Dias Canedo","0740-624X","A1"
"Towards User-Centric Guidelines for Chatbot Conversational Design.","2024","International Journal of Human-Computer Interaction","Int. J. Hum. Comput. Interact.","Geovana Ramos Sousa Silva;Edna Dias Canedo","1532-7590","A3"
"Towards a taxonomy of privacy requirements based on the LGPD and ISO/IEC 29100.","2024","Information &#38; Software Technology","Inf. Softw. Technol.","Sâmmara Éllen Renner Ferrão;Geovana Ramos Sousa Silva;Edna Dias Canedo;Fabiana Freitas Mendes","0950-5849","A1"
"Do you think there is no gender inequality in Software Engineering? Perhaps you should reconsider your opinion.","2024","Journal of Software Engineering Research and Development (JSERD)","J. Softw. Eng. Res. Dev.","Edna Dias Canedo;Larissa Soares 0001;Geovana Ramos Sousa Silva;Fabiana Freitas Mendes","2195-1721","B3"
"Digital Transformation of Public Services in a Startup-Based Environment: Job Perceptions, Relationships, Potentialities and Restrictions.","2024","The Journal of Universal Computer Science","J. Univers. Comput. Sci.","George Marsicano;Edna Dias Canedo;Glauco Vitor Pedrosa;Cristiane Soares Ramos;Rejane M. da C. Figueiredo","0948-6968","A3"
"Using Design Thinking to break social barriers: An experience report with former inmates.","2024","Journal of Software: Evolution and Process","J. Softw. Evol. Process.","Edna Dias Canedo;Emille Catarine Rodrigues Cançado;Alana Paula Barbosa Mota;Ian Nery Bandeira;Pedro Henrique Teixeira Costa;Fernanda Lima;Luis Henrique Vieira Amaral;Rodrigo Bonifácio","2047-7481","A4"
"Business Process Modeling Supporting the Requirements Elicitation of an Audit System: An Experience Report.","2023","International Journal of Electronic Government Research (IJEGR)","Int. J. Electron. Gov. Res.","Edna Dias Canedo;Ian Nery Bandeira;Larissa Pereira Gonçalves;Alessandra de Vasconcelos Sales;Fábio L. L. Mendonça;Cláudio Azevedo Costa;Rafael T. de Sousa Jr.","1548-3886","A3"
"Use of Journey Maps and Personas in Software Requirements Elicitation.","2023","International Journal of Software Engineering and Knowledge Engineering (IJSEKE)","Int. J. Softw. Eng. Knowl. Eng.","Edna Dias Canedo;Angélica Toffano Seidel Calazans;Geovana Ramos Sousa Silva;Pedro Henrique Teixeira Costa;Eloisa Toffano Seidel Masson","2289-2842","B4"
"An Investigation of confusing code patterns in JavaScript.","2023","Journal of Systems and Software (JSS)","J. Syst. Softw.","Adriano Torres;Caio Oliveira;Márcio Vinicius Okimoto;Diego Marcilio;Pedro Queiroga;Fernando Castor;Rodrigo Bonifácio;Edna Dias Canedo;Márcio Ribeiro 0001;Eduardo Monteiro","0164-1212","A2"
"A Modeling Strategy for the Verification of Context-Oriented Chatbot Conversational Flows via Model Checking.","2023","The Journal of Universal Computer Science","J. Univers. Comput. Sci.","Geovana Ramos Sousa Silva;Genaína Nunes Rodrigues;Edna Dias Canedo","0948-6968","A3"
"Privacy requirements elicitation: a systematic literature review and perception analysis of IT practitioners.","2023","Requirements Engineering","Requir. Eng.","Edna Dias Canedo;Ian Nery Bandeira;Angélica Toffano Seidel Calazans;Pedro Henrique Teixeira Costa;Emille Catarine Rodrigues Cançado;Rodrigo Bonifácio","N/A","N/A"
"Runtime Verification of Crypto APIs: An Empirical Study.","2023","IEEE Transactions on Software Engineering (TSE)","IEEE Trans. Software Eng.","Adriano Torres;Pedro Henrique Teixeira Costa;Luis Henrique Vieira Amaral;Jonata Pastro;Rodrigo Bonifácio;Marcelo d'Amorim;Owolabi Legunsen;Eric Bodden;Edna Dias Canedo","0098-5589","A1"
"Towards User-Centric Guidelines for Chatbot Conversational Design.","2023","Computing Research Repository (CoRR)","CoRR","Geovana Ramos Sousa Silva;Edna Dias Canedo","N/A","N/A"
"Investigating the Perceived Impact of Maternity on Software Engineering: a Women's Perspective.","2023","Computing Research Repository (CoRR)","CoRR","Larissa Soares 0001;Edna Dias Canedo;Claudia Pinto Pereira;Carla I. M. Bezerra;Fabiana Freitas Mendes","N/A","N/A"
"Creativity and Design Thinking as Facilitators in Requirements Elicitation.","2022","International Journal of Software Engineering and Knowledge Engineering (IJSEKE)","Int. J. Softw. Eng. Knowl. Eng.","Edna Dias Canedo;Angélica Toffano Seidel Calazans;Geovana Ramos Sousa Silva;Pedro Henrique Teixeira Costa;Rodrigo Pereira de Mesquita;Eloisa Toffano Seidel Masson","2289-2842","B4"
"ICT Governance and Management Macroprocesses of a Brazilian Federal Government Agency.","2022","Information","Inf.","Edna Dias Canedo;Ana Paula Morais do Vale;Rogério Machado Gravina;Alessandra de Vasconcelos Sales;Bruno J. G. Praciano;Vinicius Eloy dos Reis;Fábio Lúcio Lopes de Mendonça;Rafael Timóteo de Sousa Júnior","2078-2489","B1"
"Guidelines adopted by agile teams in privacy requirements elicitation after the Brazilian general data protection law (LGPD) implementation.","2022","Requirements Engineering","Requir. Eng.","Edna Dias Canedo;Angélica Toffano Seidel Calazans;Ian Nery Bandeira;Pedro Henrique Teixeira Costa;Eloisa Toffano Seidel Masson","N/A","N/A"
"People management: modelling the work of an ICT team in a coordination and governance organisation of state-owned enterprises.","2021","International Journal of Business Process Integration and Management (IJBPIM)","Int. J. Bus. Process. Integr. Manag.","Edna Dias Canedo;Pedro Thiago Rocha de Alcântara;Leomar Camargo de Souza;Luis Henrique Vieira Amaral;Rafael Timóteo de Sousa Júnior;Georges Daniel Amvame Nze","1741-8763","B1"
"Diagnostic of Data Processing by Brazilian Organizations - A Low Compliance Issue.","2021","Information","Inf.","Sâmmara Éllen Renner Ferrão;Artur Potiguara Carvalho;Edna Dias Canedo;Alana Paula Barbosa Mota;Pedro Henrique Teixeira Costa;Anderson Jefferson Cerqueira","2078-2489","B1"
"Tool for Measuring Productivity in Software Development Teams.","2021","Information","Inf.","Jhemeson Silva Mota;Heloise Acco Tives Leão;Edna Dias Canedo","2078-2489","B1"
"A Digital Signature Model Using XAdES Standard as a Rest Service.","2021","Information","Inf.","Renato Carauta Ribeiro;Murilo Góes de Almeida;Edna Dias Canedo","2078-2489","B1"
"Towards to Transfer the Directives of Communicability to Software Projects: Qualitative Studies.","2021","Journal of Software Engineering Research and Development (JSERD)","J. Softw. Eng. Res. Dev.","Adriana Lopes Damian;Edna Dias Canedo;Clarisse Sieckenius de Souza;Tayana Conte","2195-1721","B3"
"Validation of Architecture Effectiveness for the Continuous Monitoring of File Integrity Stored in the Cloud Using Blockchain and Smart Contracts.","2021","Sensors","Sensors","Alexandre Pinheiro;Edna Dias Canedo;Robson de Oliveira Albuquerque;Rafael Timóteo de Sousa Júnior","2079-6374","A3"
"Monitoring File Integrity Using Blockchain and Smart Contracts.","2020","IEEE Access","IEEE Access","Alexandre Pinheiro;Edna Dias Canedo;Rafael Timóteo de Sousa Júnior;Robson de Oliveira Albuquerque","2169-3536","A1"
"Perceptions of ICT Practitioners Regarding Software Privacy.","2020","Entropy","Entropy","Edna Dias Canedo;Angélica Toffano Seidel Calazans;Eloisa Toffano Seidel Masson;Pedro Henrique Teixeira Costa;Fernanda Lima","2526-2793","B3"
"Software Requirements Classification Using Machine Learning Algorithms.","2020","Entropy","Entropy","Edna Dias Canedo;Bruno Cordeiro Mendes","2526-2793","B3"
"Information and Communication Technology (ICT) Governance Processes: A Case Study.","2020","Information","Inf.","Edna Dias Canedo;Ana Paula Morais do Vale;Rafael Leite Patrão;Leomar Camargo de Souza;Rogério Machado Gravina;Vinicius Eloy dos Reis;Fábio Lúcio Lopes de Mendonça;Rafael T. de Sousa Jr.","2078-2489","B1"
"Design sprint in classroom: exploring new active learning tools for project-based learning approach.","2020","Journal of Ambient Intelligence and Humanized Computing","J. Ambient Intell. Humaniz. Comput.","Vinícius Gomes Ferreira;Edna Dias Canedo","1868-5137","A3"
"Understanding the Impact of Introducing Lambda Expressions in Java Programs.","2020","Journal of Software Engineering Research and Development (JSERD)","J. Softw. Eng. Res. Dev.","Walter Lucas Monteiro de Mendonça;José Fortes;Francisco Vitor Lopes;Diego Marcilio;Rodrigo Bonifácio;Edna Dias Canedo;Fernanda Lima;João Saraiva","2195-1721","B3"
"A fire management intelligent system for the Brazilian cerrado biome based on a deep learning two phase detection method.","2025","Journal on Reliable Intelligent Environments","J. Reliab. Intell. Environ.","Natalia O. Borges;Lívia G. C. Fonseca;Priscila Solís Barreto;Eduardo Alchieri;Marcos Fagundes Caetano;Paulo Angelo A. Resende;Leonardo Brandão;Lucas Vieira","N/A","N/A"
"Privacy-Preserving Smart Contracts for Permissioned Blockchains: A zk-SNARK-Based Recipe Part-1.","2025","Computing Research Repository (CoRR)","CoRR","Aldenio Burgos;Eduardo Alchieri","N/A","N/A"
"Reducing Persistence Overhead in Parallel State Machine Replication through Time-Phased Partitioned Checkpoint.","2024","Journal of Internet Services and Applications","J. Internet Serv. Appl.","Everaldo Gomes Junior;Eduardo Alchieri;Fernando Luís Dotti;Odorico Machado Mendizabal","1867-4828","A2"
"Probabilistic Byzantine Fault Tolerance (Extended Version).","2024","Computing Research Repository (CoRR)","CoRR","Diogo Avelas;Hasan Heydari;Eduardo Alchieri;Tobias Distler;Alysson Bessani","N/A","N/A"
"5G-RCOLAB: A system level simulator for 5G and beyond in rural areas.","2023","Computer Communications","Comput. Commun.","Gabriel de Carvalho Ferreira;Priscila Solís Barreto;Marcos F. Caetano;Eduardo Alchieri;Daniel Costa Araújo 0001;Francisco Rodrigo P. Cavalcanti;Diego Aguiar Sousa","0140-3664","A2"
"FlexCast: genuine overlay-based atomic multicast.","2023","Computing Research Repository (CoRR)","CoRR","Elia Batista;Paulo R. Coelho;Eduardo Alchieri;Fernando Luís Dotti;Fernando Pedone","N/A","N/A"
"Early scheduling on steroids: Boosting parallel state machine replication.","2022","Journal of Parallel and Distributed Computing","J. Parallel Distributed Comput.","Elia Batista;Eduardo Alchieri;Fernando Luís Dotti;Fernando Pedone","1096-0848","A2"
"Exploiting Concurrency in Sharded Parallel State Machine Replication.","2022","IEEE Transactions on Parallel and Distributed Systems (TPDS)","IEEE Trans. Parallel Distributed Syst.","Aldenio Burgos;Eduardo Alchieri;Fernando Luís Dotti;Fernando Pedone","1045-9219","A1"
"Dynamic quality of service for different flow types in SDN networks.","2021","International Journal of Grid and Utility Computing (IJGUC)","Int. J. Grid Util. Comput.","Alessandro Lima;Eduardo Alchieri","1741-8488","A2"
"A systematic review on distributed denial of service attack defense mechanisms in programmable networks.","2021","International Journal of Network Management","Int. J. Netw. Manag.","Bruno Lopes Dalmazo;Jonatas Adilson Marques;Lucas Rodrigues Costa;Michel S. Bonfim;Ranyelson Neres Carvalho;Anderson Santos da Silva;Stenio Fernandes;Jacir Luiz Bordim;Eduardo Alchieri;Alberto Schaeffer-Filho;Luciano Paschoal Gaspary;Weverton Cordeiro","1055-7148","A4"
"Architecture for diversity in the implementation of dependable and secure services using the state machine replication approach.","2020","International Journal of Grid and Utility Computing (IJGUC)","Int. J. Grid Util. Comput.","Caio Yuri da Silva Costa;Eduardo Alchieri","1741-8488","A2"
"Incorporating the Raft consensus protocol in containers managed by Kubernetes: an evaluation.","2020","International Journal of Parallel, Emergent and Distributed Systems","Int. J. Parallel Emergent Distributed Syst.","Hylson Vescovi Netto;Caio Pereira Oliveira;Luciana de Oliveira Rech;Eduardo Alchieri","1744-5760","B2"
"From Byzantine Replication to Blockchain: Consensus is only the Beginning.","2020","Computing Research Repository (CoRR)","CoRR","Alysson Bessani;Eduardo Alchieri;João Sousa 0002;André Oliveira 0002;Fernando Pedone","N/A","N/A"
"Sequence-aware multimodal page classification of Brazilian legal documents.","2023","International Journal on Document Analysis and Recognition (IJDAR)","Int. J. Document Anal. Recognit.","Pedro Henrique Luz de Araujo;Ana Paula G. S. de Almeida;Fabricio Ataides Braz;Nilton Correia da Silva;Flavio de Barros Vidal;Teófilo Emídio de Campos","1433-2833","A3"
"Sequence-aware multimodal page classification of Brazilian legal documents.","2022","Computing Research Repository (CoRR)","CoRR","Pedro Henrique Luz de Araujo;Ana Paula G. S. de Almeida;Fabricio Ataides Braz;Nilton Correia da Silva;Flavio de Barros Vidal;Teófilo Emídio de Campos","N/A","N/A"
"Turning old models fashion again: Recycling classical CNN networks using the Lattice Transformation.","2021","Computing Research Repository (CoRR)","CoRR","Ana Paula G. S. de Almeida;Flavio de Barros Vidal","N/A","N/A"
"L-CNN: A Lattice cross-fusion strategy for multistream convolutional neural networks.","2020","Computing Research Repository (CoRR)","CoRR","Ana Paula G. S. de Almeida;Flavio de Barros Vidal","N/A","N/A"
"Embedding Aggregation for Forensic Facial Comparison.","2023","Computing Research Repository (CoRR)","CoRR","Rafael Oliveira Ribeiro;João C. R. Neves;Arnout C. C. Ruifrok;Flavio de Barros Vidal","N/A","N/A"
"Plant diseases recognition on images using convolutional neural networks: A systematic review.","2021","Computers and Electronics in Agriculture","Comput. Electron. Agric.","Andre da Silva Abade;Paulo Afonso Ferreira;Flavio de Barros Vidal","0168-1699","A1"
"NemaNet: A convolutional neural network model for identification of nematodes soybean crop in brazil.","2021","Computing Research Repository (CoRR)","CoRR","Andre da Silva Abade;Lucas Faria Porto;Paulo Afonso Ferreira;Flavio de Barros Vidal","N/A","N/A"
"Plant Diseases recognition on images using Convolutional Neural Networks: A Systematic Review.","2020","Computing Research Repository (CoRR)","CoRR","Andre da Silva Abade;Paulo Afonso Ferreira;Flavio de Barros Vidal","N/A","N/A"
"An architecture for mission coordination of heterogeneous robots.","2022","Journal of Systems and Software (JSS)","J. Syst. Softw.","Gabriel S. Rodrigues;Ricardo Caldas;Gabriel F. P. Araujo;Vicente de Moraes;Genaína Nunes Rodrigues;Patrizio Pelliccione","0164-1212","A2"
"Body Sensor Network: A Self-Adaptive System Exemplar in the Healthcare Domain.","2021","Computing Research Repository (CoRR)","CoRR","Eric Bernd Gil;Ricardo Diniz Caldas;Arthur Rodrigues;Gabriel Levi Gomes da Silva;Genaína Nunes Rodrigues;Patrizio Pelliccione","N/A","N/A"
"A Hybrid Approach Combining Control Theory and AI for Engineering Self-Adaptive Systems.","2020","Computing Research Repository (CoRR)","CoRR","Ricardo Diniz Caldas;Arthur Rodrigues;Eric Bernd Gil;Genaína Nunes Rodrigues;Thomas Vogel 0001;Patrizio Pelliccione","N/A","N/A"
"Explainability for Property Violations in Cyberphysical Systems: An Immune-Inspired Approach.","2024","IEEE Software","IEEE Softw.","João Paulo Costa de Araujo;Genaína Nunes Rodrigues;Marc Carwehl;Thomas Vogel 0001;Lars Grunske;Ricardo Caldas;Patrizio Pelliccione","0740-7459","A1"
"Runtime Verification and Field-Based Testing for ROS-Based Robotic Systems.","2024","IEEE Transactions on Software Engineering (TSE)","IEEE Trans. Software Eng.","Ricardo Caldas;Juan Antonio Piñera García;Matei Schiopu;Patrizio Pelliccione;Genaína Nunes Rodrigues;Thorsten Berger","0098-5589","A1"
"Controller Synthesis for Autonomous Systems With Deep-Learning Perception Components.","2024","IEEE Transactions on Software Engineering (TSE)","IEEE Trans. Software Eng.","Radu Calinescu;Calum Imrie;Ravi Mangal;Genaína Nunes Rodrigues;Corina S. Pasareanu;Misael Alpizar Santana;Gricel Vázquez","0098-5589","A1"
"Analyzing and Debugging Normative Requirements via Satisfiability Checking.","2024","Computing Research Repository (CoRR)","CoRR","Nick Feng;Lina Marsso;Sinem Getir Yaman;Yesugen Baatartogtokh;Reem Ayad;Victória Oldemburgo de Mello;Beverley A. Townsend;Isobel Standen;Ioannis Stefanakos;Calum Imrie;Genaína Nunes Rodrigues;Ana Cavalcanti 0001;Radu Calinescu;Marsha Chechik","N/A","N/A"
"Formal Synthesis of Uncertainty Reduction Controllers.","2024","Computing Research Repository (CoRR)","CoRR","Marc Carwehl;Calum Imrie;Thomas Vogel 0001;Genaína Nunes Rodrigues;Radu Calinescu;Lars Grunske","N/A","N/A"
"Runtime Verification and Field Testing for ROS-Based Robotic Systems.","2024","Computing Research Repository (CoRR)","CoRR","Ricardo Caldas;Juan Antonio Piñera García;Matei Schiopu;Patrizio Pelliccione;Genaína Nunes Rodrigues;Thorsten Berger","N/A","N/A"
"Search-based Trace Diagnostic.","2024","Computing Research Repository (CoRR)","CoRR","Gabriel F. P. Araujo;Ricardo Caldas;Federico Formica;Genaína Nunes Rodrigues;Patrizio Pelliccione;Claudio Menghi","N/A","N/A"
"A property specification pattern catalog for real-time system verification with UPPAAL.","2023","Information &#38; Software Technology","Inf. Softw. Technol.","Thomas Vogel 0001;Marc Carwehl;Genaína Nunes Rodrigues;Lars Grunske","0950-5849","A1"
"A Modeling Strategy for the Verification of Context-Oriented Chatbot Conversational Flows via Model Checking.","2023","The Journal of Universal Computer Science","J. Univers. Comput. Sci.","Geovana Ramos Sousa Silva;Genaína Nunes Rodrigues;Edna Dias Canedo","0948-6968","A3"
"Mission specification and decomposition for multi-robot systems.","2023","Robotics and Autonomous Systems","Robotics Auton. Syst.","Eric Bernd Gil;Genaína Nunes Rodrigues;Patrizio Pelliccione;Radu Calinescu","0921-8890","A1"
"Towards a Research Agenda for Understanding and ManagingUncertainty in Self-Adaptive Systems.","2023","ACM SIGSOFT Software Engineering Notes","ACM SIGSOFT Softw. Eng. Notes","Danny Weyns;Radu Calinescu;Raffaela Mirandola;Kenji Tei;Maribel Acosta;Amel Bennaceur;Nicolas Boltz;Tomás Bures;Javier Cámara 0001;Ada Diaconescu;Gregor Engels;Simos Gerasimou;Ilias Gerostathopoulos;Sinem Getir Yaman;Vincenzo Grassi;Sebastian Hahner;Emmanuel Letier;Marin Litoiu;Lina Marsso;Angelika Musil;Juergen Musil;Genaína Nunes Rodrigues;Diego Perez-Palacin;Federico Quin;Patrizia Scandurra;Antonio Vallecillo;Andrea Zisman","0163-5948","C"
"A Novel Statistical and Neural Network Combined Approach for the Cloud Spot Market.","2023","IEEE Transactions on Cloud Computing","IEEE Trans. Cloud Comput.","Gustavo Portella;Eduardo Yoshio Nakano;Genaína Nunes Rodrigues;Azzedine Boukerche;Alba C. M. A. Melo","1536-1233","A1"
"Runtime Verification of Self-Adaptive Systems with Changing Requirements.","2023","Computing Research Repository (CoRR)","CoRR","Marc Carwehl;Thomas Vogel 0001;Genaína Nunes Rodrigues;Lars Grunske","N/A","N/A"
"Guidelines for Artifacts to Support Industry-Relevant Research on Self-Adaptation.","2022","ACM SIGSOFT Software Engineering Notes","ACM SIGSOFT Softw. Eng. Notes","Danny Weyns;Ilias Gerostathopoulos;Barbora Buhnova;Nicolás Cardozo;Emilia Cioroaica;Ivana Dusparic;Lars Grunske;Pooyan Jamshidi;Christine Julien 0001;Judith Michael;Gabriel A. Moreno;Shiva Nejati;Patrizio Pelliccione;Federico Quin;Genaína Nunes Rodrigues;Bradley R. Schmerl;Marco Vieira;Thomas Vogel 0001;Rebekka Wohlrab","0163-5948","C"
"Guidelines for Artifacts to Support Industry-Relevant Research on Self-Adaptation.","2022","Computing Research Repository (CoRR)","CoRR","Danny Weyns;Ilias Gerostathopoulos;Barbora Buhnova;Nicolás Cardozo;Emilia Cioroaica;Ivana Dusparic;Lars Grunske;Pooyan Jamshidi;Christine Julien 0001;Judith Michael;Gabriel A. Moreno;Shiva Nejati;Patrizio Pelliccione;Federico Quin;Genaína Nunes Rodrigues;Bradley R. Schmerl;Marco Vieira;Thomas Vogel 0001;Rebekka Wohlrab","N/A","N/A"
"A Property Specification Pattern Catalog for Real-Time System Verification with UPPAAL.","2022","Computing Research Repository (CoRR)","CoRR","Thomas Vogel 0001;Marc Carwehl;Genaína Nunes Rodrigues;Lars Grunske","N/A","N/A"
"Report of the 2nd International Workshop on Context-aware Autonomous and Smart Architectures (CASA@ECSA 2018).","2020","ACM SIGSOFT Software Engineering Notes","ACM SIGSOFT Softw. Eng. Notes","Claudia Raibulet;Khalil Drira;Maria Grazia Fugini;Genaína Nunes Rodrigues;Patrizio Pelliccione;Tomás Bures","0163-5948","C"
"A hierarchical data partitioning strategy for irregular applications: a case study in digital pathology.","2025","Cluster Computing","Clust. Comput.","Willian Barreiros;Jun Kong;Renato Ferreira 0001;George Teodoro","1386-7857","A3"
"Large-scale response-aware online ANN search in dynamic datasets.","2024","Cluster Computing","Clust. Comput.","Guilherme Andrade;Willian Barreiros;Leonardo Rocha 0001;Renato Ferreira 0001;George Teodoro","1386-7857","A3"
"NACNet: A histology context-aware transformer graph convolution network for predicting treatment response to neoadjuvant chemotherapy in Triple Negative Breast Cancer.","2024","Computerized Medical Imaging and Graphics","Comput. Medical Imaging Graph.","Qiang Li;George Teodoro;Yi Jiang;Jun Kong","0895-6111","A2"
"DuMato: An efficient warp-centric subgraph enumeration system for GPU.","2024","Journal of Parallel and Distributed Computing","J. Parallel Distributed Comput.","Samuel Ferraz;Vinícius Vitor dos Santos Dias;Carlos H. C. Teixeira;Srinivasan Parthasarathy 0001;George Teodoro;Wagner Meira Jr.","1096-0848","A2"
"NACNet: A Histology Context-aware Transformer Graph Convolution Network for Predicting Treatment Response to Neoadjuvant Chemotherapy in Triple Negative Breast Cancer.","2024","Computing Research Repository (CoRR)","CoRR","Qiang Li;George Teodoro;Yi Jiang;Jun Kong","N/A","N/A"
"Effective and efficient active learning for deep learning-based tissue image analysis.","2023","Bioinformatics","Bioinform.","André L. S. Meirelles;Tahsin M. Kurç;Jun Kong;Renato Ferreira 0001;Joel H. Saltz;George Teodoro","1471-2105","A1"
"Self-supervised semantic segmentation of retinal pigment epithelium cells in flatmount fluorescent microscopy images.","2023","Bioinformatics","Bioinform.","Hanyi Yu;Fusheng Wang 0001;George Teodoro;Fan Chen;Xiaoyuan Guo;John Nickerson;Jun Kong","1471-2105","A1"
"Spatial-aware data partition for distributed memory parallelization of ANN search in multimedia retrieval.","2023","Parallel Computing","Parallel Comput.","Guilherme Andrade;Renato Ferreira 0001;George Teodoro","N/A","N/A"
"A spatial attention guided deep learning system for prediction of pathological complete response using breast cancer histopathology images.","2022","Bioinformatics","Bioinform.","Hongyi Duanmu;Shristi Bhattarai;Hongxiao Li;Zhan Shi;Fusheng Wang 0001;George Teodoro;Keerthi Gogineni;Preeti Subhedar;Umay Kiraz;Emiel A. M. Janssen;Ritu Aneja;Jun Kong","1471-2105","A1"
"MultiHeadGAN: A deep learning method for low contrast retinal pigment epithelium cell segmentation with fluorescent flatmount microscopy images.","2022","Computers in Biology and Medicine","Comput. Biol. Medicine","Hanyi Yu;Fusheng Wang 0001;George Teodoro;John Nickerson;Jun Kong","0010-4825","A2"
"Artificial intelligence based liver portal tract region identification and quantification with transplant biopsy whole-slide images.","2022","Computers in Biology and Medicine","Comput. Biol. Medicine","Hanyi Yu;Nima Sharifai;Kun Jiang;Fusheng Wang 0001;George Teodoro;Alton B. Farris;Jun Kong","0010-4825","A2"
"Effective active learning in digital pathology: A case study in tumor infiltrating lymphocytes.","2022","Computer Methods and Programs in Biomedicine","Comput. Methods Programs Biomed.","André L. S. Meirelles;Tahsin M. Kurç;Joel H. Saltz;George Teodoro","0169-2607","A1"
"Efficient microscopy image analysis on CPU-GPU systems with cost-aware irregular data partitioning.","2022","Journal of Parallel and Distributed Computing","J. Parallel Distributed Comput.","Willian Barreiros Jr.;Alba C. M. A. Melo;Jun Kong;Renato Ferreira 0001;Tahsin M. Kurç;Joel H. Saltz;George Teodoro","1096-0848","A2"
"Efficient Strategies for Graph Pattern Mining Algorithms on GPUs.","2022","Computing Research Repository (CoRR)","CoRR","Samuel Ferraz;Vinícius Vitor dos Santos Dias;Carlos H. C. Teixeira;George Teodoro;Wagner Meira Jr.","N/A","N/A"
"Foveal blur-boosted segmentation of nuclei in histopathology images with shape prior knowledge and probability map constraints.","2021","Bioinformatics","Bioinform.","Hongyi Duanmu;Fusheng Wang 0001;George Teodoro;Jun Kong","1471-2105","A1"
"Building robust pathology image analyses with uncertainty quantification.","2021","Computer Methods and Programs in Biomedicine","Comput. Methods Programs Biomed.","Jeremias M. Gomes;Jun Kong;Tahsin M. Kurç;Alba C. M. A. Melo;Renato Ferreira 0001;Joel H. Saltz;George Teodoro","0169-2607","A1"
"Online multimedia retrieval on CPU-GPU platforms with adaptive work partition.","2021","Journal of Parallel and Distributed Computing","J. Parallel Distributed Comput.","Rafael Souza;André Fernandes;Thiago S. F. X. Teixeira;George Teodoro;Renato Ferreira 0001","1096-0848","A2"
"Optimized execution of morphological reconstruction in large medical images on embedded devices.","2021","Journal of Real-Time Image Processing","J. Real Time Image Process.","Felipe R. G. Cabral;Oscar Anacona-Mosquera;Renato Coral Sampaio;George Teodoro;Carlos H. Llanos;Ricardo P. Jacobi","1861-8200","A4"
"Parallel Fine-Grained Comparison of Long DNA Sequences in Homogeneous and Heterogeneous GPU Platforms With Pruning.","2021","IEEE Transactions on Parallel and Distributed Systems (TPDS)","IEEE Trans. Parallel Distributed Syst.","Marco Antonio C. de Figueiredo;João Paulo Navarro;Edans Flavius de Oliveira Sandes;George Teodoro;Alba C. M. A. Melo","1045-9219","A1"
"Optimizing parameter sensitivity analysis of large-scale microscopy image analysis workflows with multilevel computation reuse.","2020","Concurrency and Computation: Practice and Experience","Concurr. Comput. Pract. Exp.","Willian Barreiros Jr.;Jeremias Moreira;Tahsin M. Kurç;Jun Kong;Alba C. M. A. Melo;Joel H. Saltz;George Teodoro","1532-0634","A4"
"Using GPU to accelerate the pairwise structural RNA alignment with base pair probabilities.","2020","Concurrency and Computation: Practice and Experience","Concurr. Comput. Pract. Exp.","Daniel Sundfeld;George Teodoro;Jakob Hull Havgaard;Jan Gorodkin;Alba C. M. A. Melo","1532-0634","A4"
"Hardware-Based Fast Hybrid Morphological Reconstruction.","2020","IEEE Design &#38; Test (D&#38;T)","IEEE Des. Test","Oscar Anacona-Mosquera;Carlos Eduardo dos Santos;Felipe R. G. Cabral;Renato Coral Sampaio;George Teodoro;Ricardo Pezzuol Jacobi;Carlos Humberto Llanos Quintero","N/A","N/A"
"FlexPersonas: flexible design of IoT-based home healthcare systems targeted at the older adults.","2021","AI &#38; Society","AI Soc.","Vinícius P. Gonçalves 0001;Geraldo P. R. Filho;Leandro Y. Mano;Rodrigo Bonacin","0951-5666","A2"
"Energy management in smart grids: An Edge-Cloud Continuum approach with Deep Q-learning.","2025","Future Generation Computer Systems","Future Gener. Comput. Syst.","Eric Bernardes Chagas Barros;Wesley O. Souza;Daniel G. Costa;Geraldo P. R. Filho;Gustavo B. Figueiredo;Maycon Leone Maciel Peixoto","0167-739X","A1"
"DDoS attack detection in SDN: Enhancing entropy-based detection with machine learning.","2024","Concurrency and Computation: Practice and Experience","Concurr. Comput. Pract. Exp.","Marcos J. Santos-Neto;Jacir Luiz Bordim;Eduardo A. P. Alchieri;Edison Ishikawa","1532-0634","A4"
"Predicting consecutive spectrum opportunities with hidden Markov models.","2023","Concurrency and Computation: Practice and Experience","Concurr. Comput. Pract. Exp.","Rodrigo F. Bezerra;Jacir Luiz Bordim","1532-0634","A4"
"DataPlane-ML: An integrated attack detection and mitigation solution for software defined networks.","2023","Concurrency and Computation: Practice and Experience","Concurr. Comput. Pract. Exp.","Ranyelson Neres Carvalho;Lucas Rodrigues Costa;Jacir Luiz Bordim;Eduardo A. P. Alchieri","1532-0634","A4"
"Mitigating message dissemination issues in safety applications for vehicular ad hoc networks.","2023","Concurrency and Computation: Practice and Experience","Concurr. Comput. Pract. Exp.","Paulo V. G. Farias;Tulio A. Lima;Jacir Luiz Bordim","1532-0634","A4"
"A full-duplex MAC technique to improve spectrum-efficiency on 5G mobile wireless networks.","2021","Computer Communications","Comput. Commun.","Lucas de Melo Guimarães;Jacir Luiz Bordim","0140-3664","A2"
"A systematic review on distributed denial of service attack defense mechanisms in programmable networks.","2021","International Journal of Network Management","Int. J. Netw. Manag.","Bruno Lopes Dalmazo;Jonatas Adilson Marques;Lucas Rodrigues Costa;Michel S. Bonfim;Ranyelson Neres Carvalho;Anderson Santos da Silva;Stenio Fernandes;Jacir Luiz Bordim;Eduardo Alchieri;Alberto Schaeffer-Filho;Luciano Paschoal Gaspary;Weverton Cordeiro","1055-7148","A4"
"A Rabin-Karp Implementation for Handling Multiple Pattern-Matching on the GPU.","2020","IEICE Transactions on Information &#38; Systems","IEICE Trans. Inf. Syst.","Lucas Saad Nogueira Nunes;Jacir Luiz Bordim;Yasuaki Ito;Koji Nakano","0916-8532","B2"
"A review on preprocessing algorithm selection with meta-learning.","2024","Knowledge and Information Systems (KAIS)","Knowl. Inf. Syst.","Pedro B. Pio;Adriano Rivolli;André C. P. L. F. de Carvalho;Luís Paulo F. Garcia","0219-1377","A2"
"Neural architecture search with interpretable meta-features and fast predictors.","2023","Information Sciences","Inf. Sci.","Gean Trindade Pereira;Iury Batista de Andrade Santos;Luís Paulo F. Garcia;Thierry Urruty;Muriel Visani;André C. P. L. F. de Carvalho","0020-0255","A1"
"Meta-features for meta-learning.","2022","Knowledge-Based Systems","Knowl. Based Syst.","Adriano Rivolli;Luís Paulo F. Garcia;Carlos Soares;Joaquin Vanschoren;André C. P. L. F. de Carvalho","0950-7051","A1"
"Assessing the data complexity of imbalanced datasets.","2021","Information Sciences","Inf. Sci.","Victor H. Barella;Luís Paulo F. Garcia;Marcilio C. P. de Souto;Ana Carolina Lorena;André C. P. L. F. de Carvalho","0020-0255","A1"
"An Anomaly-based Multi-class Classifier for Network Intrusion Detection.","2021","Computing Research Repository (CoRR)","CoRR","Manuela M. C. de Souza;Camila F. T. Pontes;João J. C. Gondim;Luís Paulo F. Garcia;Luiz A. DaSilva;Marcelo Antonio Marotta","N/A","N/A"
"Boosting meta-learning with simulated data complexity measures.","2020","Intelligent Data Analysis","Intell. Data Anal.","Luís Paulo F. Garcia;Adriano Rivolli;Edesio Alcobaça;Ana Carolina Lorena;André C. P. L. F. de Carvalho","1088-467X","B2"
"MFE: Towards reproducible meta-feature extraction.","2020","Journal of Machine Learning Research (JMLR)","J. Mach. Learn. Res.","Edesio Alcobaça;Felipe Siqueira;Adriano Rivolli;Luís Paulo F. Garcia;Jefferson Tales Oliva;André C. P. L. F. de Carvalho","2374-1473","A3"
"Towards holistic Entity Linking: Survey and directions.","2021","Information Systems","Inf. Syst.","Italo Lopes Oliveira;Renato Fileto;René Speck;Luís Paulo F. Garcia;Diego Moussallem;Jens Lehmann 0001","1875-905X","B3"
"Minimizing unavailability in Elastic Optical Networks: Pre-provisioning and provisioning protection strategy using DLP and DPP.","2025","Computer Networks","Comput. Networks","Paulo José S. Júnior;Lucas Rodrigues Costa;André C. Drummond;Marcelo Antonio Marotta","1389-1286","A2"
"MAS-Cloud+: A novel multi-agent architecture with reasoning models for resource management in multiple providers.","2024","Future Generation Computer Systems","Future Gener. Comput. Syst.","Aldo H. D. Mendes;Michel J. F. Rosa;Marcelo Antonio Marotta;Aletéia P. F. Araújo;Alba C. M. A. Melo;Célia Ghedini Ralha","0167-739X","A1"
"Optimized Solutions for Deploying a Militarized 4G/LTE Network With Maximum Coverage and Minimum Interference.","2022","IEEE Transactions on Network and Service Management","IEEE Trans. Netw. Serv. Manag.","Emerson de O. Antunes;Marcos F. Caetano;Marcelo Antonio Marotta;Aletéia P. F. Araújo;Lucas Bondan;Rodolfo I. Meneguette;Geraldo P. Rocha Filho","1932-4537","A1"
"Abnormal Behavior Detection Based on Traffic Pattern Categorization in Mobile Networks.","2021","IEEE Transactions on Network and Service Management","IEEE Trans. Netw. Serv. Manag.","Jonathan M. DeAlmeida;Camila F. T. Pontes;Luiz A. DaSilva;Cristiano Bonato Both;João J. C. Gondim;Célia Ghedini Ralha;Marcelo Antonio Marotta","1932-4537","A1"
"A New Method for Flow-Based Network Intrusion Detection Using the Inverse Potts Model.","2021","IEEE Transactions on Network and Service Management","IEEE Trans. Netw. Serv. Manag.","Camila F. T. Pontes;Manuela M. C. de Souza;João J. C. Gondim;Matt Bishop;Marcelo Antonio Marotta","1932-4537","A1"
"Artificial Intelligence-Driven Fog Radio Access Networks: Integrating Decision Making Considering Different.","2021","IEEE Vehicular Technology Magazine","IEEE Veh. Technol. Mag.","Jonathan M. DeAlmeida;Luiz A. DaSilva;Cristiano Bonato Both;Célia Ghedini Ralha;Marcelo Antonio Marotta","N/A","N/A"
"An Anomaly-based Multi-class Classifier for Network Intrusion Detection.","2021","Computing Research Repository (CoRR)","CoRR","Manuela M. C. de Souza;Camila F. T. Pontes;João J. C. Gondim;Luís Paulo F. Garcia;Luiz A. DaSilva;Marcelo Antonio Marotta","N/A","N/A"
"The Brazilian School Girls' Perspectives on a Computer Science Major.","2020","CLEI electronic journal","CLEI Electron. J.","Maristela Holanda;Roberto Nunes Mourão;Guilherme Novaes Ramos;Aletéia P. F. Araújo;Maria Emília M. T. Walter;Vinicius Borges;George von Borries","0717-5000","C"
"Democratising Artificial Intelligence for Pandemic Preparedness and Global Governance in Latin American and Caribbean Countries.","2024","Computing Research Repository (CoRR)","CoRR","André C. P. L. F. de Carvalho;Robson Bonidia;Jude Dzevela Kong;Mariana Dauhajre;Cláudio José Struchiner;Guilherme Tegoni Goedert;Peter F. Stadler;Maria Emília M. T. Walter;Danilo Sipoli Sanches;Troy Day;Marcia Castro;John Edmunds;Manuel Colomé-Hidalgo;Demian Arturo Herrera Morban;Edian F. Franco;Cesar Ugarte-Gil;Patricia Espinoza-Lopez;Gabriel Carrasco-Escobar;Ulisses Nunes da Rocha","N/A","N/A"
"A Barrier for Further Approximating Sorting by Transpositions.","2023","Journal of Computational Biology (JCB)","J. Comput. Biol.","Luiz Augusto G. Silva;Luis A. B. Kowada;Maria Emília M. T. Walter","1066-5277","A4"
"A barrier for further approximating Sorting By Transpositions.","2023","Computing Research Repository (CoRR)","CoRR","Luiz Augusto G. da Silva;Luis Antonio Brasil Kowada;Maria Emília M. T. Walter","N/A","N/A"
"A new 1.375-approximation algorithm for sorting by transpositions.","2022","Algorithms for Molecular Biology","Algorithms Mol. Biol.","Luiz Augusto G. Silva;Luis Antonio Brasil Kowada;Noraí Romeu Rocco;Maria Emília M. T. Walter","1748-7188","A2"
"Are spliced ncRNA host genes distinct classes of lncRNAs?","2020","Theory in Biosciences","Theory Biosci.","Rituparno Sen;Jörg Fallmann;Maria Emília M. T. Walter;Peter F. Stadler","N/A","N/A"
"An algebraic 1.375-approximation algorithm for the Transposition Distance Problem.","2020","Computing Research Repository (CoRR)","CoRR","Luiz Augusto G. Silva;Luis A. B. Kowada;Noraí Romeu Rocco;Maria Emília M. T. Walter","N/A","N/A"
"Programa de Monitoria da Disciplina de Programação Introdutória na Universidade de Brasília.","2024","Revista Brasileira de Inform&#225;tica na Educa&#231;&#227;o","Revista Brasileira de Informática na Educ.","Maristela Holanda;Ian Nery Bandeira;Carla Denise Castanho;Aline Barros de Sousa;Dilma Da Silva","1414-5685","B3"
"Data Modeling and NoSQL Databases - A Systematic Mapping Review.","2022","ACM Computing Surveys","ACM Comput. Surv.","Harley Vera Olivera;Guo RuiZhe;Ruben Cruz Huacarpuma;Ana Paula Bernardi da Silva;Ari Melo Mariano;Maristela Holanda","0360-0300","A1"
"Editorial.","2022","Journal of Information and Data Management (JIDM)","J. Inf. Data Manag.","Maristela Holanda;Daniel de Oliveira 0001","2166-6261","B3"
"Editorial.","2022","Journal of Information and Data Management (JIDM)","J. Inf. Data Manag.","Maristela Holanda;Damires Souza","2166-6261","B3"
"Editorial.","2022","Journal of Information and Data Management (JIDM)","J. Inf. Data Manag.","Maristela Holanda;Ricardo da Silva Torres","2166-6261","B3"
"Analysis of the Influence of Modeling, Data Format and Processing Tool on the Performance of Hadoop-Hive Based Data Warehouse.","2022","Journal of Information and Data Management (JIDM)","J. Inf. Data Manag.","Beatriz Fragnan P. de Oliveira;Aline S. Oliveira Valente;Márcio Victorino;Edward Ribeiro;Maristela Holanda","2166-6261","B3"
"Mundo Bit Byte - A digital mobile game to disseminate female personalities that made history in Computing.","2022","Journal on Interactive Systems (JIS)","J. Interact. Syst.","Aletéia P. F. Araújo;Ana Júlia Luziano Briceño;Ana Sofia S. Silvestre;Bianca P. Castro;Carla Denise Castanho;Carla Koike;Fernanda S. Marcilio;Hanani E. F. Soares;Maristela Holanda;Mauricio Miranda Sarmet;Roberta B. Oliveira;Tais A. Oliveira;Thamires P. Silva","2236-3297","B4"
"Latin American Women and Computer Science: A Systematic Literature Mapping.","2022","IEEE Transactions on Education","IEEE Trans. Educ.","Maristela Holanda;Dilma Da Silva","0018-9359","A1"
"Applications of geospatial big data in the Internet of Things.","2022","Transactions in GIS","Trans. GIS","Dennis Sávio Silva;Maristela Holanda","1361-1682","A2"
"Computational resource and cost prediction service for scientific workflows in federated clouds.","2021","Future Generation Computer Systems","Future Gener. Comput. Syst.","Michel J. F. Rosa;Célia Ghedini Ralha;Maristela Holanda;Aletéia P. F. Araújo","0167-739X","A1"
"QualiOSM: An Architecture to Improve Data Completeness on OpenStreetMap.","2021","Journal of Information and Data Management (JIDM)","J. Inf. Data Manag.","Gabriel F. B. de Medeiros;Lívia Castro Degrossi;Maristela Holanda","2166-6261","B3"
"A proposal to minimize the cost of processing big geospatial data in public cloud providers.","2021","Transactions in GIS","Trans. GIS","João Bachiega Jr.;Maristela Holanda;Aletéia P. F. Araújo","1361-1682","A2"
"The Brazilian School Girls' Perspectives on a Computer Science Major.","2020","CLEI electronic journal","CLEI Electron. J.","Maristela Holanda;Roberto Nunes Mourão;Guilherme Novaes Ramos;Aletéia P. F. Araújo;Maria Emília M. T. Walter;Vinicius Borges;George von Borries","0717-5000","C"
"Frontmatter.","2020","Journal of Information and Data Management (JIDM)","J. Inf. Data Manag.","Angelo Brayner;Maristela Holanda","2166-6261","B3"
"Frontmatter.","2020","Journal of Information and Data Management (JIDM)","J. Inf. Data Manag.","Angelo Brayner;Maristela Holanda","2166-6261","B3"
"Frontmatter.","2020","Journal of Information and Data Management (JIDM)","J. Inf. Data Manag.","Angelo Brayner;Maristela Holanda","2166-6261","B3"
"Editorial.","2020","Journal of Information and Data Management (JIDM)","J. Inf. Data Manag.","Angelo Brayner;Maristela Holanda;Carina Friedrich Dorneles","2166-6261","B3"
"Editorial.","2020","Journal of Information and Data Management (JIDM)","J. Inf. Data Manag.","Angelo Brayner;Maristela Holanda;Thales Sehn Körting","2166-6261","B3"
"Editorial.","2020","Journal of Information and Data Management (JIDM)","J. Inf. Data Manag.","Angelo Brayner;Maristela Holanda;Elaine Ribeiro de Faria Paiva","2166-6261","B3"
"A fire management intelligent system for the Brazilian cerrado biome based on a deep learning two phase detection method.","2025","Journal on Reliable Intelligent Environments","J. Reliab. Intell. Environ.","Natalia O. Borges;Lívia G. C. Fonseca;Priscila Solís Barreto;Eduardo Alchieri;Marcos Fagundes Caetano;Paulo Angelo A. Resende;Leonardo Brandão;Lucas Vieira","N/A","N/A"
"Age of information optimization in cyber-physical systems with stateful packet management techniques.","2024","Ad Hoc Networks","Ad Hoc Networks","Paulo César Prandel;Priscila Solís Barreto","1570-8705","A2"
"Forest fire monitoring system supported by unmanned aerial vehicles and edge computing: a performance evaluation using petri nets.","2024","Cluster Computing","Clust. Comput.","Arthur Sabino;Luiz Nelson Lima;Carlos Brito 0001;Leonel Feitosa;Marcos F. Caetano;Priscila Solís Barreto;Francisco Airton Silva","1386-7857","A3"
"5G-RCOLAB: A system level simulator for 5G and beyond in rural areas.","2023","Computer Communications","Comput. Commun.","Gabriel de Carvalho Ferreira;Priscila Solís Barreto;Marcos F. Caetano;Eduardo Alchieri;Daniel Costa Araújo 0001;Francisco Rodrigo P. Cavalcanti;Diego Aguiar Sousa","0140-3664","A2"
"A Risk Perception Indicator to Evaluate the Migration of Government Legacy Systems to the Cloud.","2021","International Journal of Information Systems in the Service Sector (IJISSS)","Int. J. Inf. Syst. Serv. Sect.","Breno G. S. Costa;Priscila Solís Barreto","N/A","N/A"
"Optimized execution of morphological reconstruction in large medical images on embedded devices.","2021","Journal of Real-Time Image Processing","J. Real Time Image Process.","Felipe R. G. Cabral;Oscar Anacona-Mosquera;Renato Coral Sampaio;George Teodoro;Carlos H. Llanos;Ricardo P. Jacobi","1861-8200","A4"
"Using Design Thinking to break social barriers: An experience report with former inmates.","2024","Journal of Software: Evolution and Process","J. Softw. Evol. Process.","Edna Dias Canedo;Emille Catarine Rodrigues Cançado;Alana Paula Barbosa Mota;Ian Nery Bandeira;Pedro Henrique Teixeira Costa;Fernanda Lima;Luis Henrique Vieira Amaral;Rodrigo Bonifácio","2047-7481","A4"
"Embracing modern C++ features: An empirical assessment on the KDE community.","2024","Journal of Software: Evolution and Process","J. Softw. Evol. Process.","Walter Lucas 0001;Fausto Carvalho;Rafael Campos Nunes;Rodrigo Bonifácio;João Saraiva;Paola R. G. Accioly","2047-7481","A4"
"The Impact Of Bug Localization Based on Crash Report Mining: A Developers' Perspective.","2024","Computing Research Repository (CoRR)","CoRR","Marcos Medeiros;Uirá Kulesza;Roberta Coelho;Rodrigo Bonifácio;Christoph Treude;Eiji Adachi Barbosa","N/A","N/A"
"DogeFuzz: A Simple Yet Efficient Grey-box Fuzzer for Ethereum Smart Contracts.","2024","Computing Research Repository (CoRR)","CoRR","Ismael Medeiros;Fausto Carvalho;Alexandre Ferreira;Rodrigo Bonifácio;Fabiano Cavalcanti Fernandes","N/A","N/A"
"An Investigation of confusing code patterns in JavaScript.","2023","Journal of Systems and Software (JSS)","J. Syst. Softw.","Adriano Torres;Caio Oliveira;Márcio Vinicius Okimoto;Diego Marcilio;Pedro Queiroga;Fernando Castor;Rodrigo Bonifácio;Edna Dias Canedo;Márcio Ribeiro 0001;Eduardo Monteiro","0164-1212","A2"
"Privacy requirements elicitation: a systematic literature review and perception analysis of IT practitioners.","2023","Requirements Engineering","Requir. Eng.","Edna Dias Canedo;Ian Nery Bandeira;Angélica Toffano Seidel Calazans;Pedro Henrique Teixeira Costa;Emille Catarine Rodrigues Cançado;Rodrigo Bonifácio","N/A","N/A"
"Runtime Verification of Crypto APIs: An Empirical Study.","2023","IEEE Transactions on Software Engineering (TSE)","IEEE Trans. Software Eng.","Adriano Torres;Pedro Henrique Teixeira Costa;Luis Henrique Vieira Amaral;Jonata Pastro;Rodrigo Bonifácio;Marcelo d'Amorim;Owolabi Legunsen;Eric Bodden;Edna Dias Canedo","0098-5589","A1"
"Manual Tests Do Smell! Cataloging and Identifying Natural Language Test Smells.","2023","Computing Research Repository (CoRR)","CoRR","Elvys Soares;Manoel Aranda III;Naelson Oliveira;Márcio Ribeiro 0001;Rohit Gheyi;Emerson Souza;Ivan Machado 0001;André L. M. Santos;Baldoino Fonseca;Rodrigo Bonifácio","N/A","N/A"
"Detecting Semantic Conflicts using Static Analysis.","2023","Computing Research Repository (CoRR)","CoRR","Galileu Santos de Jesus;Paulo Borba;Rodrigo Bonifácio;Matheus Barbosa de Oliveira","N/A","N/A"
"Exploring the use of static and dynamic analysis to improve the performance of the mining sandbox approach for android malware identification.","2022","Journal of Systems and Software (JSS)","J. Syst. Softw.","Francisco Handrick da Costa;Ismael Medeiros;Thales Menezes;João Victor da Silva;Ingrid Lorraine da Silva;Rodrigo Bonifácio;Krishna Narasimhan;Márcio Ribeiro 0001","0164-1212","A2"
"Dealing with Variability in API Misuse Specification.","2021","Computing Research Repository (CoRR)","CoRR","Rodrigo Bonifácio;Stefan Krüger;Krishna Narasimhan;Eric Bodden;Mira Mezini","N/A","N/A"
"Exploring the Use of Static and Dynamic Analysis to Improve the Performance of the Mining Sandbox Approach for Android Malware Identification.","2021","Computing Research Repository (CoRR)","CoRR","Francisco Handrick da Costa;Ismael Medeiros;Thales Menezes;João Victor da Silva;Ingrid Lorraine da Silva;Rodrigo Bonifácio;Krishna Narasimhan;Márcio Ribeiro 0001","N/A","N/A"
"Understanding the Impact of Introducing Lambda Expressions in Java Programs.","2020","Journal of Software Engineering Research and Development (JSERD)","J. Softw. Eng. Res. Dev.","Walter Lucas Monteiro de Mendonça;José Fortes;Francisco Vitor Lopes;Diego Marcilio;Rodrigo Bonifácio;Edna Dias Canedo;Fernanda Lima;João Saraiva","2195-1721","B3"
"SpongeBugs: Automatically generating fix suggestions in response to static code analysis warnings.","2020","Journal of Systems and Software (JSS)","J. Syst. Softw.","Diego Marcilio;Carlo A. Furia;Rodrigo Bonifácio;Gustavo Pinto 0001","0164-1212","A2"
"Work Practices and Perceptions from Women Core Developers in OSS Communities.","2020","Computing Research Repository (CoRR)","CoRR","Edna Dias Canedo;Rodrigo Bonifácio;Márcio Vinicius Okimoto;Alexander Serebrenik;Gustavo Pinto 0001;Eduardo Monteiro","N/A","N/A"
"Sequence-aware multimodal page classification of Brazilian legal documents.","2023","International Journal on Document Analysis and Recognition (IJDAR)","Int. J. Document Anal. Recognit.","Pedro Henrique Luz de Araujo;Ana Paula G. S. de Almeida;Fabricio Ataides Braz;Nilton Correia da Silva;Flavio de Barros Vidal;Teófilo Emídio de Campos","1433-2833","A3"
"Sequence-aware multimodal page classification of Brazilian legal documents.","2022","Computing Research Repository (CoRR)","CoRR","Pedro Henrique Luz de Araujo;Ana Paula G. S. de Almeida;Fabricio Ataides Braz;Nilton Correia da Silva;Flavio de Barros Vidal;Teófilo Emídio de Campos","N/A","N/A"
"A coarsening method for bipartite networks via weight-constrained label propagation.","2020","Knowledge-Based Systems","Knowl. Based Syst.","Alan Valejo;Thiago de Paulo Faleiros;Maria Cristina Ferreira de Oliveira;Alneu de Andrade Lopes","0950-7051","A1"
"Coarsening Algorithm Based on Multi-Label Propagation for Knowledge Discovery in Bipartite Networks.","2024","IEEE Transactions on Network Science and Engineering","IEEE Trans. Netw. Sci. Eng.","Alan Demétrius Baria Valejo;Paulo Eduardo Althoff;Thiago de Paulo Faleiros;Geraldo Pereira Rocha Filho;Yu-tao Zhu;Jianglong Yan;Weiguang Liu;Liang Zhao 0001","2327-4697","A2"
"Coarsening effects on k-partite network classification.","2023","Applied Network Science","Appl. Netw. Sci.","Paulo Eduardo Althoff;Alan Demétrius Baria Valejo;Thiago de Paulo Faleiros","2364-8228","B4"
"Unsupervised learning of textual pattern based on Propagation in Bipartite Graph.","2020","Intelligent Data Analysis","Intell. Data Anal.","Thiago de Paulo Faleiros;Alan Valejo;Alneu de Andrade Lopes","1088-467X","B2"
"DODFMiner: An automated tool for Named Entity Recognition from Official Gazettes.","2024","Neurocomputing","Neurocomputing","Gabriel M. C. Guimarães;Felipe X. B. da Silva;Andrei L. Queiroz;Ricardo M. Marcacini;Thiago de Paulo Faleiros;Vinicius R. P. Borges;Luís P. F. Garcia","N/A","N/A"
"Providing command and control agility: A software product line approach.","2023","Expert Systems with Applications","Expert Syst. Appl.","Junier Caminha Amorim;Eduardo Lemos Rocha;Luigi Minardi;Vander Alves;Edison Pignaton de Freitas;Thiago M. Castro;Moussa Amrani;James Ortiz 0001;Pierre-Yves Schobbens;Gilles Perrouin","0957-4174","A1"
"Evaluating refactorings for disciplining #ifdef annotations: An eye tracking study with novices.","2021","Empirical Software Engineering","Empir. Softw. Eng.","José Aldo Silva da Costa;Rohit Gheyi;Márcio Ribeiro 0001;Sven Apel;Vander Alves;Baldoino Fonseca;Flávio Medeiros;Alessandro Garcia 0001","1382-3256","A1"
"Identifying method-level mutation subsumption relations using Z3.","2021","Information &#38; Software Technology","Inf. Softw. Technol.","Rohit Gheyi;Márcio Ribeiro 0001;Beatriz Souza;Marcio Augusto Guimarães;Leo Fernandes;Marcelo d'Amorim;Vander Alves;Leopoldo Teixeira;Baldoino Fonseca","0950-5849","A1"
"A Formal Framework of Software Product Line Analyses.","2021","ACM Transactions on Software Engineering and Methodology (TOSEM)","ACM Trans. Softw. Eng. Methodol.","Thiago M. Castro;Leopoldo Teixeira;Vander Alves;Sven Apel;Maxime Cordy;Rohit Gheyi","1049-331X","A2"
"Assessing a swarm-GAP based solution for the task allocation problem in dynamic scenarios.","2020","Expert Systems with Applications","Expert Syst. Appl.","Junier Caminha Amorim;Vander Alves;Edison Pignaton de Freitas","0957-4174","A1"
"ExpRunA : a domain-specific approach for technology-oriented experiments.","2020","Software and Systems Modeling","Softw. Syst. Model.","Eneias Silva;Alessandro Ferreira Leite;Vander Alves;Sven Apel","1619-1366","A2"
"6WR: A Hardware Friendly 3D-HEVC DMM-1 Algorithm and its Energy-Aware and High-Throughput Design.","2020","IEEE Transactions on Circuits and Systems","IEEE Trans. Circuits Syst. II Express Briefs","Murilo R. Perleberg;Vinicius Ruela Pereira Borges;Vladimir Afonso;Daniel Palomino 0001;Luciano Agostini;Marcelo Schiavon Porto","1932-4545","A1"
